tconst,min_age
tt11394180,14
tt10101702,7
tt0108041,18
tt5164438,14
tt9205538,18
tt15204288,7
tt5563324,14
tt15296598,0
tt0151121,14
tt1375670,14
tt2387433,14
tt1413495,14
tt15250998,14
tt8886670,18
tt0073195,7
tt0077766,7
tt0093300,14
tt1599348,18
tt0139654,18
tt0366621,14
tt0366621,14
tt0396659,14
tt0473658,7
tt0322645,7
tt1999167,14
tt0791188,7
tt1071815,7
tt0476680,7
tt10521144,7
tt10322274,14
tt8329618,18
tt15250050,0
tt7737528,18
tt14099462,18
tt15198608,18
tt15095938,14
tt6127004,18
tt15216504,14
tt12299824,18
tt5691024,7
tt6214722,18
tt15101938,18
tt6167894,14
tt4738912,0
tt11742798,7
tt0109134,14
tt0810784,7
tt4699202,14
tt0199626,18
tt10930586,14
tt0356470,7
tt0350261,14
tt1823672,18
tt0109444,14
tt0106582,18
tt0159365,18
tt0231402,7
tt0989757,14
tt0097216,18
tt4382872,18
tt0463998,14
tt1133985,14
tt0099800,18
tt0102065,18
tt0110064,18
tt0131436,18
tt0160401,18
tt0439630,14
tt0091369,7
tt0892318,7
tt4006302,14
tt0337592,14
tt1602479,18
tt1602479,18
tt0116996,14
tt5301662,14
tt0270980,18
tt0132347,14
tt0087843,18
tt0181739,7
tt0409182,14
tt0120014,18
tt1230168,14
tt0332379,14
tt5073746,14
tt0314353,18
tt0080453,18
tt0091129,14
tt0054953,14
tt2788710,18
tt0117218,14
tt0494652,14
tt0107206,18
tt1077097,18
tt5362988,18
tt1170399,14
tt1221133,14
tt4590256,14
tt0408976,14
tt0348662,14
tt0456500,18
tt5290620,18
tt2027138,18
tt0297241,14
tt1608777,18
tt1179781,14
tt1395054,14
tt1890513,18
tt2609218,18
tt0811066,18
tt1954206,14
tt14539744,14
tt8722624,18
tt2402157,18
tt12829958,18
tt15293256,18
tt6889042,18
tt15101946,7
tt11073148,14
tt11657662,18
tt8098636,14
tt14428606,18
tt10731768,18
tt6714432,7
tt1758692,14
tt0112553,14
tt15085784,18
tt13809646,14
tt11154906,18
tt11594766,14
tt15085794,18
tt2463288,18
tt0107822,18
tt15526612,18
tt10230994,18
tt14494898,18
tt13648220,14
tt12783454,14
tt2058107,18
tt15085802,18
tt1441951,14
tt14033300,18
tt13113544,18
tt14366176,7
tt6338498,7
tt2112124,14
tt4103686,18
tt13244024,14
tt2385126,7
tt10691162,18
tt0113280,18
tt11224358,14
tt15036416,18
tt0103786,7
tt0106375,7
tt0442933,14
tt0264464,14
tt0844471,7
tt0149261,18
tt0091042,14
tt6472976,14
tt0349467,18
tt0452625,18
tt1375666,14
tt0175880,18
tt0110443,14
tt0102492,14
tt0110613,7
tt0910936,18
tt0762125,7
tt5125894,14
tt0329575,14
tt0186566,14
tt0372588,18
tt1878870,18
tt1457765,18
tt0102266,18
tt1189340,18
tt0480255,14
tt0361862,18
tt0113957,14
tt0236388,18
tt0817230,14
tt7371662,14
tt9742794,18
tt2993406,14
tt12808182,18
tt2662230,7
tt12929990,14
tt14315566,18
tt8258074,14
tt2186731,18
tt13033790,14
tt10895576,14
tt8000718,18
tt1853728,18
tt13920016,18
tt14961160,18
tt6402468,18
tt1893273,18
tt6417830,7
tt6417854,7
tt6418390,7
tt6417940,7
tt6442670,7
tt10483044,18
tt13445916,14
tt12851396,7
tt9165740,18
tt11762434,18
tt14880258,18
tt5592248,18
tt4572792,14
tt1325004,14
tt1259571,14
tt1099212,14
tt13606090,7
tt14910946,18
tt13136084,14
tt0423294,7
tt10077998,14
tt12877640,18
tt8368408,18
tt14880310,18
tt11991786,18
tt9109492,18
tt15149712,7
tt12615654,18
tt3316948,18
tt13540496,14
tt13067004,18
tt6225842,14
tt5719700,14
tt4799066,14
tt3164256,18
tt1430612,14
tt7601480,18
tt12424356,18
tt1686795,14
tt12546872,0
tt11133472,14
tt9866736,7
tt10290062,0
tt5774888,14
tt0157132,14
tt11027830,18
tt1706620,18
tt14781176,14
tt1072748,14
tt1975249,18
tt0118571,18
tt0295178,14
tt0118655,14
tt0145660,14
tt0118749,18
tt0160127,14
tt0112715,14
tt0106701,7
tt10622410,14
tt7587604,14
tt0441773,7
tt1302011,7
tt1055292,14
tt0397535,14
tt0095631,18
tt13288678,14
tt0113855,14
tt4824302,14
tt1411238,18
tt0277371,18
tt5690810,14
tt0814314,14
tt0815236,18
tt0184907,7
tt0796366,14
tt0164912,7
tt8484012,18
tt0415306,14
tt1440728,18
tt4807408,14
tt0119174,18
tt0087538,7
tt0091326,7
tt0097647,7
tt0289992,18
tt0081071,18
tt0436697,14
tt0482606,18
tt0164184,14
tt1243957,14
tt0320691,18
tt1496025,18
tt0834001,18
tt13149312,18
tt0120889,14
tt0123324,18
tt6733874,18
tt7558302,18
tt14880428,18
tt11460976,18
tt1764234,18
tt9176600,14
tt2091312,18
tt3758814,14
tt9337574,7
tt11263022,18
tt8231668,18
tt13323092,14
tt14549558,18
tt3102208,18
tt4796634,18
tt3764686,18
tt0159510,14
tt0159511,18
tt0095262,14
tt4733624,14
tt10661848,18
tt11831084,14
tt0159509,14
tt11091664,18
tt10537484,18
tt6670074,18
tt1045658,18
tt1366338,14
tt11892916,18
tt10525672,18
tt0068562,18
tt1663207,18
tt7983744,18
tt0469589,18
tt11906032,18
tt7646322,18
tt11143434,7
tt6964940,7
tt5562070,7
tt2828996,18
tt1918638,18
tt14023894,18
tt2459156,18
tt10418662,18
tt3012648,18
tt1686821,14
tt2368254,18
tt11822492,18
tt14539726,7
tt14599938,14
tt14611368,14
tt11658120,18
tt13032716,18
tt13079086,0
tt14773250,14
tt5616176,14
tt1823059,18
tt0244000,14
tt1123894,18
tt0185183,14
tt0118742,18
tt14074470,18
tt1466054,18
tt0306685,18
tt0249478,14
tt4504438,18
tt1117385,18
tt0817177,7
tt0119141,14
tt10377292,14
tt0277027,14
tt0119572,18
tt0405159,14
tt1978480,14
tt1186367,18
tt0335438,14
tt0088194,7
tt0244244,18
tt0082405,7
tt1254322,18
tt0373926,14
tt4501454,14
tt0117057,14
tt0075029,7
tt7645780,18
tt6829180,18
tt14211236,14
tt4682786,14
tt7084386,7
tt13446126,18
tt8900142,18
tt14025788,18
tt12939812,18
tt3522136,14
tt2224026,7
tt5884960,7
tt0993840,18
tt13409790,18
tt1826603,14
tt1742334,18
tt5751998,18
tt0174852,14
tt10393074,14
tt11213600,14
tt4573516,18
tt14554338,18
tt14217100,18
tt9013182,18
tt7385538,18
tt6111574,18
tt0375912,18
tt6341832,14
tt14928724,14
tt10101806,18
tt8354582,7
tt11604676,18
tt2072233,18
tt3268850,18
tt7290740,18
tt7716120,18
tt2101341,18
tt6256978,18
tt6269368,18
tt12517908,7
tt0096913,14
tt1231583,18
tt0947810,18
tt1028532,0
tt5460522,18
tt1277953,7
tt0327056,18
tt1023111,14
tt0111282,14
tt0473705,14
tt4867110,14
tt1093357,14
tt0380510,14
tt0253867,18
tt0190138,18
tt3503406,18
tt0105690,18
tt1007028,18
tt12553430,14
tt9165458,14
tt7979580,7
tt1285009,18
tt10962368,18
tt14371060,18
tt1217613,14
tt7295450,18
tt5191238,14
tt4003066,18
tt5114588,18
tt0384116,18
tt5036442,14
tt4974684,18
tt4505260,18
tt12282600,14
tt0270053,18
tt14404280,18
tt14167424,14
tt9203694,18
tt4452274,14
tt3203290,14
tt4540710,18
tt0103671,18
tt1934231,18
tt0473367,14
tt1447508,18
tt14091818,18
tt2554274,18
tt2723358,18
tt11867144,18
tt10662234,14
tt1979320,18
tt1730768,14
tt4815122,14
tt11916314,18
tt9271164,14
tt14164234,18
tt7866320,18
tt1560747,18
tt0083365,18
tt13598976,18
tt14318430,18
tt6660922,18
tt10098288,14
tt10121392,14
tt13081264,7
tt11394170,18
tt10687070,14
tt13297136,18
tt9264728,18
tt0384793,14
tt4743226,18
tt6197400,18
tt9680512,18
tt13103212,18
tt12154638,18
tt10307724,18
tt1024255,14
tt2114504,7
tt1190080,14
tt1187043,14
tt2122340,7
tt10777716,7
tt1591095,14
tt1694021,18
tt5595168,14
tt0250494,14
tt0117011,18
tt0058385,0
tt6014472,18
tt15127876,14
tt6977240,18
tt1135084,14
tt11668994,14
tt10963790,7
tt0253474,18
tt0814335,14
tt0176269,18
tt0315642,14
tt5635638,18
tt1068680,14
tt6938828,14
tt11843712,18
tt12439210,7
tt2304771,14
tt1212450,18
tt11388278,7
tt9684220,18
tt8512986,18
tt0159382,18
tt13167556,18
tt11142762,7
tt12013758,14
tt13932162,7
tt14152756,14
tt2431286,14
tt13082008,18
tt14288764,18
tt9624766,18
tt13370858,18
tt7897330,18
tt9387250,18
tt8607728,14
tt2473602,14
tt1615065,18
tt11803618,14
tt3691740,7
tt8704802,14
tt10731386,14
tt4324242,18
tt13045890,18
tt1587263,18
tt8521876,7
tt11835236,14
tt8747160,18
tt10275546,14
tt11829884,14
tt11734264,18
tt11470064,14
tt1904996,18
tt1702439,14
tt6432466,14
tt2883434,14
tt11112526,14
tt14058484,18
tt2311862,0
tt0099348,14
tt5571754,14
tt0095953,18
tt0365830,18
tt3553976,18
tt11698630,18
tt0442236,18
tt1781922,18
tt1637706,18
tt8907992,18
tt1223975,18
tt3042408,18
tt11936782,7
tt11994750,14
tt13842562,14
tt11191344,14
tt1457767,18
tt3065204,18
tt12899858,18
tt5208252,14
tt12573294,14
tt7679306,7
tt9343754,18
tt8126390,7
tt0319020,14
tt4902904,7
tt12423052,14
tt10882938,18
tt10676012,14
tt1211890,18
tt11307814,18
tt13846542,14
tt1178658,18
tt7643622,7
tt2005151,18
tt10097484,14
tt12397078,14
tt12676326,18
tt12838766,18
tt13787118,18
tt13723064,18
tt9660688,18
tt0118708,14
tt9067182,18
tt1130884,18
tt0200465,18
tt2197936,14
tt1999890,18
tt9845564,18
tt3661210,14
tt13947978,14
tt7268736,18
tt10279104,14
tt14605914,7
tt1458175,14
tt6571548,18
tt8431078,18
tt3547306,18
tt10303430,14
tt2312718,18
tt2558484,18
tt3416532,14
tt1830643,18
tt6317180,14
tt10451914,18
tt11727004,0
tt9794630,18
tt13866142,7
tt6469960,18
tt11287390,18
tt13649700,18
tt1675434,18
tt0451631,14
tt0476527,14
tt0373856,18
tt11213372,18
tt11799742,14
tt2261287,7
tt11161474,18
tt0233856,14
tt1540128,14
tt6527456,14
tt0795351,18
tt0092948,18
tt1657510,14
tt0119215,7
tt1213585,14
tt0758758,18
tt0095690,18
tt10338308,14
tt13583144,14
tt1401152,14
tt13667212,18
tt0108550,14
tt4341390,18
tt3359290,14
tt11749980,7
tt9543488,14
tt13212006,18
tt1192628,7
tt7600716,18
tt11651796,18
tt10555482,0
tt10600398,7
tt10589924,18
tt7885874,0
tt10156112,14
tt2245195,14
tt10539608,14
tt10329134,18
tt10362466,18
tt13517474,14
tt13615386,18
tt4685806,18
tt10054316,18
tt10514222,18
tt0863091,7
tt1351669,14
tt5001754,18
tt10640262,14
tt7127344,14
tt9389622,14
tt2244376,18
tt3216348,14
tt1327773,14
tt4550098,18
tt5932728,14
tt13055780,14
tt11394338,14
tt10161886,14
tt7805960,18
tt13345636,18
tt3264438,14
tt10637682,18
tt11530234,18
tt10287954,14
tt13610390,7
tt13292206,7
tt1712261,18
tt8706138,18
tt8784956,18
tt13446424,18
tt11792734,18
tt10618286,18
tt6693156,7
tt10044704,14
tt7343574,18
tt13354204,18
tt2769454,14
tt11692986,18
tt3699816,18
tt2172934,14
tt13260836,0
tt0808151,14
tt2883512,18
tt1605798,14
tt0385880,7
tt6850820,18
tt0102744,14
tt0382625,14
tt1308728,18
tt13328840,7
tt6610158,18
tt11697484,18
tt8741182,7
tt11499506,18
tt10530176,18
tt12971924,18
tt9270416,7
tt7686876,14
tt6508228,18
tt13528990,7
tt11057644,7
tt9110340,14
tt6772802,18
tt13353486,18
tt11656172,18
tt13276386,18
tt2002718,18
tt11378154,7
tt0400234,18
tt1729637,14
tt1578261,14
tt4338154,14
tt1783350,14
tt1948150,14
tt4814290,14
tt11199410,0
tt9248252,0
tt1397492,14
tt9140354,7
tt4669986,14
tt6176928,18
tt1985966,7
tt0047673,0
tt8748236,14
tt13502066,7
tt7736496,7
tt12190648,7
tt10627584,14
tt1243381,0
tt9060390,18
tt2334649,18
tt7212754,18
tt11254858,18
tt0926129,14
tt0170799,14
tt13279528,18
tt11481312,18
tt13388018,18
tt7937168,18
tt1588878,18
tt9526822,14
tt13318052,0
tt2590280,14
tt13236566,0
tt11199310,7
tt11656548,14
tt5140248,7
tt7946422,18
tt4177856,7
tt0097758,7
tt4560436,18
tt6516314,18
tt3774114,18
tt1649419,14
tt0110657,7
tt9735976,18
tt8508734,14
tt7492760,14
tt10235600,14
tt10127684,18
tt2996950,14
tt9866072,18
tt2172935,18
tt11240506,18
tt13150630,7
tt1252596,14
tt3208026,18
tt9185316,18
tt7488208,7
tt6370266,18
tt11284280,18
tt8835552,18
tt1648186,14
tt8769032,14
tt6866224,18
tt2235695,14
tt0169599,14
tt0497335,14
tt2552296,18
tt3766102,18
tt6350558,18
tt0102058,18
tt7138456,18
tt0377610,18
tt1094275,18
tt9163340,14
tt0170803,14
tt0448267,18
tt1623288,7
tt8972556,18
tt8413566,18
tt3608930,18
tt1070874,18
tt3713166,18
tt4844150,7
tt4853102,18
tt5882416,7
tt12217814,14
tt12689526,14
tt13058290,14
tt13206564,18
tt0422236,14
tt13150606,0
tt0099429,14
tt0208903,14
tt4333674,18
tt0419058,14
tt0319736,14
tt10543680,18
tt8061070,18
tt10642834,18
tt13161318,18
tt0422907,18
tt10682266,14
tt5612182,14
tt11989890,7
tt8510324,14
tt5985820,14
tt10230414,18
tt10914452,18
tt8976576,14
tt13118012,18
tt13106900,7
tt1785288,18
tt6335714,14
tt2396369,18
tt1124037,18
tt9612680,14
tt4698684,14
tt0436724,14
tt5952138,14
tt12987894,18
tt10199914,18
tt2353867,14
tt3614516,7
tt2675978,14
tt1092005,18
tt0362771,7
tt1093370,14
tt0920464,14
tt0488798,7
tt4396648,14
tt4994736,18
tt0433035,14
tt7846844,14
tt8618654,0
tt5659172,18
tt6721358,18
tt7624932,18
tt5923040,18
tt11135936,18
tt5659164,18
tt10515086,18
tt4008758,14
tt7254796,14
tt2362778,18
tt2909396,14
tt3479858,18
tt11754464,14
tt2939898,14
tt12982218,18
tt13034096,0
tt11568878,18
tt7395114,18
tt11127690,18
tt2368619,18
tt0316188,18
tt2017020,7
tt10798660,7
tt7819668,18
tt12721188,14
tt1646971,7
tt7867076,14
tt8784906,14
tt6627630,7
tt7613166,0
tt8907844,18
tt8045670,18
tt4687508,14
tt5323386,14
tt9033440,0
tt11024272,18
tt5896778,18
tt9196192,18
tt11827806,14
tt11464826,14
tt10620868,18
tt12888462,0
tt1566648,7
tt9820352,18
tt7939766,18
tt10217780,14
tt10888456,18
tt4489160,14
tt9307666,7
tt11100856,7
tt0785006,7
tt12486200,0
tt6306064,14
tt5341036,14
tt12767498,0
tt9850064,7
tt0448694,7
tt1135985,18
tt0120157,14
tt0211634,14
tt6639482,18
tt0472181,7
tt11060730,14
tt3155342,7
tt11769162,18
tt5827790,18
tt0138414,18
tt11242242,18
tt1002563,14
tt8943224,18
tt10851618,14
tt10230422,14
tt12536776,18
tt10888708,7
tt10696882,18
tt10915060,14
tt12934616,7
tt5037840,18
tt10643918,7
tt1707386,14
tt1121096,14
tt1242530,7
tt8675288,7
tt6851966,18
tt7550000,18
tt9632590,18
tt4666726,18
tt1790834,18
tt10350626,14
tt0864835,7
tt4257940,14
tt10078502,14
tt12730310,0
tt10276470,14
tt5818722,7
tt12724622,14
tt14064260,14
tt11032990,0
tt2967226,18
tt4943322,18
tt7073710,18
tt12567088,18
tt11010144,18
tt7761590,18
tt11506054,18
tt12916126,18
tt8870574,18
tt8477336,18
tt9506474,18
tt10508838,14
tt5714802,18
tt7304824,18
tt10914712,18
tt9784456,14
tt12588448,7
tt10011480,18
tt2076298,18
tt6342440,14
tt12187586,18
tt10912990,18
tt11057594,14
tt7205316,18
tt11045972,14
tt8326250,14
tt10168672,18
tt12588398,18
tt8665900,14
tt7556122,18
tt6936350,18
tt11378264,14
tt4712076,18
tt9567112,18
tt2255934,14
tt1869296,14
tt1753521,14
tt2246595,14
tt2797242,18
tt2571140,14
tt3667436,14
tt5805252,18
tt2229848,14
tt4354740,7
tt4430212,14
tt2424988,14
tt4219300,14
tt2094854,18
tt3001638,7
tt1754202,18
tt1906426,18
tt4045666,18
tt2951576,14
tt3984356,18
tt10530392,14
tt1784589,14
tt4430136,18
tt1836912,18
tt2377938,7
tt1694542,14
tt3357416,14
tt1545304,18
tt11710234,18
tt12058774,18
tt10655608,18
tt0150377,18
tt0486655,14
tt0100802,18
tt10941528,18
tt1730705,14
tt11640412,0
tt10268708,18
tt8580274,14
tt10887282,14
tt5891626,18
tt11773276,18
tt3595298,14
tt0494290,14
tt11905462,14
tt12393526,18
tt10728764,18
tt11230868,14
tt7229730,7
tt4677924,18
tt11005162,18
tt8747450,18
tt0118917,14
tt0119629,14
tt7933796,18
tt8637504,18
tt10714856,0
tt10456740,18
tt11988512,18
tt0110545,14
tt11958344,7
tt0099858,18
tt0084042,18
tt0051390,14
tt0049761,14
tt10965300,14
tt12401232,0
tt0057357,18
tt1726871,18
tt0044429,14
tt1821658,7
tt6518270,18
tt5244812,7
tt2287851,14
tt1878841,14
tt4935746,14
tt1634003,7
tt2123342,7
tt11194492,14
tt10279102,18
tt8011344,14
tt11127878,14
tt9777644,18
tt8328740,7
tt1666287,18
tt9600178,14
tt1251757,18
tt8574252,18
tt1691916,14
tt10886166,18
tt10187680,14
tt7243756,14
tt7979142,18
tt3254796,14
tt1552211,18
tt1918984,18
tt7535964,14
tt6721848,18
tt4925292,18
tt1010422,14
tt2350736,18
tt1282371,14
tt0419482,14
tt0791180,7
tt7867670,18
tt7981318,0
tt10773606,7
tt6900448,7
tt3521126,18
tt10078900,7
tt0196355,18
tt4658908,14
tt12282598,18
tt4323594,18
tt10627720,14
tt5727208,18
tt10773114,0
tt11469660,0
tt12539758,18
tt8851668,18
tt1773561,14
tt1666555,18
tt3159818,18
tt1624426,14
tt9014248,18
tt1650844,14
tt7089978,14
tt1584838,7
tt0830700,14
tt2215481,14
tt2258858,7
tt0827788,7
tt10985028,18
tt7583280,18
tt7843946,14
tt9648942,14
tt9140904,0
tt9877170,18
tt8541826,14
tt9437052,7
tt9619798,18
tt9859758,14
tt1396208,7
tt0109117,14
tt8170298,18
tt10816484,18
tt5314138,14
tt10508182,14
tt8669070,7
tt12221748,7
tt2573372,7
tt11734696,18
tt4426464,7
tt8130558,14
tt7370952,14
tt8523028,7
tt8362228,18
tt3993886,18
tt8246392,18
tt1356790,18
tt0479952,7
tt1899240,14
tt10230426,18
tt9109976,18
tt9683478,14
tt0408839,18
tt0286788,7
tt10183816,14
tt3260524,14
tt10799940,14
tt9050898,18
tt0893507,18
tt5608972,18
tt1272034,18
tt1727564,14
tt6215910,18
tt5535942,18
tt2210581,18
tt6105774,14
tt11529348,14
tt10023024,18
tt11199356,14
tt2210441,18
tt1020956,14
tt1655442,14
tt1825978,14
tt1772838,14
tt6280858,14
tt5514296,0
tt10039468,14
tt10540024,14
tt11777040,18
tt8618118,18
tt10397734,18
tt8743032,18
tt5206260,7
tt11531530,14
tt10092752,18
tt9806336,18
tt8750570,18
tt7304802,18
tt10984818,18
tt0475290,14
tt3614530,7
tt3730510,18
tt9056824,0
tt9074344,14
tt10991188,18
tt7493184,14
tt8844480,14
tt6259380,18
tt12027020,18
tt5096470,18
tt8783532,18
tt10540242,0
tt8902948,7
tt9364848,18
tt0938283,7
tt3517870,18
tt5649144,18
tt9135260,18
tt5715874,18
tt6189022,18
tt9898858,18
tt4686844,18
tt10477558,7
tt0098999,14
tt3650484,14
tt3802576,14
tt4952376,14
tt2798620,7
tt1185420,14
tt0301231,14
tt0164550,14
tt0080653,14
tt2275794,14
tt0107060,14
tt3173910,14
tt3678938,14
tt0415908,14
tt0449999,14
tt0248126,14
tt0347304,14
tt4900716,14
tt0172684,14
tt3855406,7
tt0239682,14
tt8976418,18
tt1017451,18
tt2392447,14
tt5085924,18
tt2950418,7
tt5672286,18
tt7624840,18
tt8042292,14
tt5266668,18
tt11953628,18
tt10307440,18
tt13410288,18
tt10864040,14
tt9261218,18
tt11316824,18
tt6774588,18
tt9345754,18
tt6668212,14
tt6436212,14
tt10937434,18
tt9465600,18
tt9310328,18
tt6452332,7
tt2758904,18
tt9176260,14
tt9817760,18
tt8686460,14
tt8116640,7
tt8202262,18
tt3111426,18
tt10431500,14
tt10845262,14
tt7324726,18
tt10062614,18
tt1305619,18
tt8629748,18
tt5305246,7
tt11280100,18
tt1403047,18
tt0456149,18
tt8781414,18
tt1536048,18
tt1290138,18
tt0970179,7
tt4189494,14
tt2336014,14
tt0469494,18
tt8413624,18
tt9015306,18
tt3907584,18
tt9537292,14
tt8856470,7
tt9741588,14
tt4527090,18
tt5811182,18
tt15119398,18
tt3567288,18
tt3833746,18
tt4094916,14
tt3852042,7
tt9026184,18
tt8130904,14
tt7456312,18
tt10230436,18
tt2631210,7
tt3707106,18
tt6246534,18
tt2091935,18
tt3812348,18
tt2978102,18
tt3387542,14
tt4982356,14
tt6193408,0
tt10896172,18
tt9806322,18
tt1808262,7
tt11802938,14
tt10127562,7
tt5000984,7
tt9354842,14
tt4846232,18
tt11763742,7
tt10643938,14
tt7308310,18
tt5598292,14
tt6445414,18
tt9448362,14
tt8630282,14
tt11388406,18
tt9769714,14
tt4400994,18
tt3740782,14
tt5862338,18
tt8310924,7
tt10468636,14
tt4460854,18
tt0110076,14
tt5143890,18
tt4329242,14
tt10813338,0
tt12687448,7
tt9382596,18
tt2174084,18
tt6974886,14
tt11388580,18
tt6527586,18
tt4486148,14
tt9614988,14
tt6333086,7
tt10883506,18
tt4993990,18
tt10731748,7
tt0331370,18
tt8747560,14
tt9172840,14
tt2132285,18
tt11390036,18
tt7262990,14
tt1411704,7
tt7103742,18
tt3569230,18
tt9760504,14
tt2080374,18
tt8659050,14
tt6937724,18
tt7967412,18
tt5524630,18
tt8858420,18
tt8983180,18
tt9351598,18
tt1935302,18
tt9887580,18
tt6265828,18
tt5474042,14
tt8894180,14
tt3105662,7
tt10230404,18
tt0268397,0
tt0457430,18
tt4642044,18
tt10081210,14
tt4355838,18
tt8750122,14
tt10061256,18
tt8900434,14
tt11385066,18
tt8328716,18
tt6317962,7
tt8749922,14
tt4717402,18
tt6560164,14
tt7682382,14
tt10946934,14
tt3016748,18
tt8211214,0
tt6338476,7
tt6926236,7
tt4387222,14
tt4512896,7
tt8404614,14
tt8958304,18
tt0810819,18
tt3422462,14
tt0292490,14
tt4110568,18
tt0461936,14
tt1285241,14
tt2806788,14
tt1772872,14
tt10945950,14
tt0808306,14
tt6685776,14
tt1373156,14
tt0323013,7
tt0886539,14
tt6950250,18
tt1230165,14
tt1562872,14
tt8106534,18
tt6334740,18
tt5955112,14
tt14606680,14
tt10871460,18
tt8902990,18
tt7502828,14
tt4695012,18
tt6836936,14
tt10738914,14
tt8149090,14
tt7653254,18
tt5914996,18
tt6911110,18
tt10521028,7
tt10006006,7
tt9390254,7
tt1661820,18
tt11156614,18
tt5917052,14
tt6115284,7
tt5910902,14
tt8665634,7
tt7140020,14
tt10445866,18
tt4016994,18
tt11505398,0
tt8304386,14
tt10199586,14
tt8542144,18
tt9806192,18
tt3487278,18
tt6250554,18
tt8960334,18
tt6921426,18
tt8755316,14
tt9125432,14
tt10091530,7
tt1034303,18
tt10081202,14
tt8230872,18
tt1302006,18
tt7228072,14
tt4633690,18
tt9095526,18
tt5284414,18
tt10060094,14
tt10883004,18
tt9742362,14
tt3038708,18
tt3077214,14
tt2403021,18
tt8178486,18
tt11162974,7
tt10638296,18
tt11163028,14
tt1909796,7
tt4729430,7
tt2591814,14
tt1315981,18
tt10413458,18
tt1950235,14
tt7511008,18
tt5377564,14
tt7358154,18
tt6864046,14
tt5770620,18
tt10763618,18
tt6843446,18
tt8296660,18
tt9664078,18
tt8255490,18
tt6593054,14
tt8510488,7
tt6268734,7
tt7315570,7
tt7984766,18
tt9646240,18
tt9665400,18
tt3176134,18
tt8526872,18
tt11052346,18
tt9257484,18
tt4766630,18
tt9113332,14
tt7262882,14
tt4158096,18
tt4951982,14
tt10499474,14
tt5294518,18
tt6555772,14
tt8988748,18
tt9742582,18
tt10915286,18
tt5865326,18
tt8631800,14
tt11066130,14
tt7127652,14
tt11131032,18
tt2752772,18
tt7455754,18
tt10958282,18
tt6313158,18
tt9243946,18
tt4332232,18
tt10410186,14
tt10589914,18
tt4126476,14
tt9086910,14
tt8065796,14
tt5203824,14
tt10320050,18
tt4687108,18
tt9533342,7
tt6736198,18
tt7904606,7
tt8610996,14
tt6084030,7
tt0134067,0
tt0367089,18
tt11057912,7
tt7871636,7
tt8110640,18
tt10305616,14
tt1462900,14
tt7832848,18
tt10076106,18
tt6251390,18
tt9398640,18
tt8748256,18
tt8983202,18
tt8836988,18
tt9348296,14
tt8493514,14
tt6628322,14
tt9252508,7
tt10324144,18
tt8490894,14
tt9749604,14
tt5580778,14
tt9378320,14
tt2475154,18
tt10181594,14
tt10715194,18
tt9747396,7
tt7474914,18
tt9860728,7
tt9213932,14
tt10856726,18
tt6899800,18
tt8852242,14
tt10346206,7
tt7798984,14
tt9351980,14
tt7619554,18
tt2140379,14
tt8976710,14
tt9100028,18
tt9271408,14
tt11058176,18
tt8268916,18
tt10308686,18
tt8130968,14
tt4377918,14
tt8819596,18
tt10662450,18
tt7109106,14
tt9382396,18
tt4180560,18
tt10121762,14
tt6615648,14
tt8322784,14
tt4995776,18
tt10665234,18
tt4736550,18
tt3173512,14
tt0398373,14
tt0934949,18
tt6213294,18
tt9419834,14
tt8826936,14
tt8242160,18
tt4397342,18
tt8613876,18
tt2499472,18
tt7274546,14
tt10511826,14
tt10319998,0
tt8550208,14
tt7019942,18
tt9149838,14
tt6487242,18
tt1821480,14
tt6643972,18
tt5687236,18
tt6018556,18
tt7524414,18
tt8530978,18
tt6016744,14
tt3813310,18
tt6175086,18
tt8716800,7
tt1618434,14
tt8890582,18
tt8846072,18
tt6704898,18
tt6292852,7
tt8908002,7
tt8108202,18
tt10289996,18
tt9575388,14
tt5791986,18
tt7200946,18
tt10076722,14
tt10243678,18
tt9597190,18
tt7299298,18
tt8179388,14
tt4205416,14
tt5356680,14
tt5900870,18
tt7594584,18
tt8743064,18
tt9032888,7
tt6346982,18
tt7527082,18
tt7968976,18
tt9228950,0
tt6312802,18
tt1869721,14
tt8169446,18
tt8324576,18
tt9056818,18
tt7605074,18
tt9150970,18
tt2481498,18
tt7957694,14
tt8983240,7
tt2302755,18
tt9358052,7
tt7059506,18
tt5338082,14
tt8443432,18
tt9619402,18
tt8442644,18
tt8286926,7
tt8436026,18
tt10050782,18
tt10050766,14
tt3257794,14
tt8075260,18
tt9239888,18
tt2639254,18
tt10147546,18
tt2194499,18
tt0303733,18
tt0461209,14
tt8178958,18
tt0411469,18
tt0347278,14
tt0382188,14
tt8396306,14
tt0409527,14
tt4505006,7
tt7671414,18
tt8976832,18
tt3069758,18
tt8201170,14
tt7315484,14
tt9562694,18
tt8959820,14
tt8108164,14
tt5143450,18
tt6091936,14
tt8529070,18
tt8758086,14
tt7497366,14
tt9817300,14
tt1860242,18
tt1198186,7
tt5820544,14
tt4110388,18
tt7547814,18
tt6908274,18
tt0800325,18
tt3828220,14
tt6271110,14
tt6088634,18
tt5755796,18
tt10177712,18
tt9627240,7
tt2933544,14
tt6340604,18
tt8254556,18
tt8234502,14
tt9063106,14
tt0990433,14
tt5755912,14
tt3860092,18
tt7151438,14
tt7502214,18
tt1488606,18
tt6155456,18
tt5848416,7
tt0365545,18
tt2590214,14
tt3528284,14
tt4202506,18
tt9815714,18
tt4944460,14
tt2057445,18
tt7476946,18
tt7715202,18
tt7683350,18
tt8891536,18
tt8730152,14
tt7027092,18
tt9866700,14
tt7533152,7
tt7606620,18
tt0416236,7
tt7807026,18
tt6485304,18
tt5226380,18
tt4842270,14
tt3469386,7
tt6725484,14
tt6028796,7
tt3008034,14
tt2816740,7
tt3772640,14
tt4628812,18
tt2389344,18
tt8372520,7
tt6704776,18
tt8852536,18
tt8041276,18
tt7920024,18
tt8347882,7
tt6914542,18
tt7935784,18
tt7722258,14
tt8919194,14
tt5773986,18
tt7797658,18
tt8132700,14
tt1179259,18
tt5069058,18
tt8484586,14
tt0480572,18
tt6728096,18
tt1132606,14
tt6502956,18
tt8128188,18
tt6433832,18
tt4971408,18
tt7475710,14
tt5626716,18
tt8443704,18
tt7043012,18
tt8757960,7
tt5956006,18
tt1636842,14
tt6381074,14
tt8865580,18
tt7980006,18
tt2589132,14
tt9084890,18
tt5874502,14
tt4139588,18
tt6032076,18
tt5316540,18
tt3256226,14
tt9647980,18
tt6078866,18
tt3444312,14
tt7822454,14
tt7087944,18
tt7329858,14
tt7976502,14
tt9426186,18
tt6011480,18
tt6409782,18
tt6514196,18
tt7736536,18
tt6126006,18
tt6699860,18
tt7427356,18
tt8478602,7
tt6972212,14
tt8506874,14
tt0217680,18
tt6776106,14
tt7707314,7
tt0071853,7
tt4556700,14
tt2229301,18
tt6595896,7
tt4328934,18
tt6877886,18
tt8587122,14
tt9495224,18
tt2327389,18
tt3732280,18
tt6708116,18
tt2737304,18
tt9316022,18
tt2100376,18
tt3262084,18
tt6531196,18
tt8273258,18
tt8108198,14
tt1216491,18
tt2172584,18
tt2980516,14
tt6146590,7
tt6997426,14
tt7933564,18
tt6155172,18
tt4878482,14
tt2388771,14
tt8106160,18
tt8043306,14
tt1934335,14
tt1202514,18
tt8219520,18
tt6854672,18
tt2332707,18
tt3898860,14
tt3542028,14
tt6603812,14
tt1776143,7
tt3121474,14
tt4984868,14
tt3614922,14
tt5896962,18
tt1312156,14
tt1611840,18
tt6734886,18
tt5655642,18
tt3044248,18
tt1307008,18
tt8709036,7
tt6719840,18
tt6752992,14
tt6923462,18
tt6747420,18
tt6892462,18
tt6444140,18
tt2990140,7
tt6708044,18
tt8861786,7
tt7981492,18
tt8512320,14
tt1059955,0
tt8361028,18
tt7489816,18
tt6412452,18
tt8954732,0
tt8066304,7
tt8136908,14
tt8765496,18
tt5473696,18
tt8731842,14
tt8396120,14
tt5693136,14
tt5938084,18
tt9203030,14
tt1305854,14
tt5075584,18
tt6679794,18
tt7886846,14
tt9777830,18
tt8583378,18
tt8262802,0
tt0069049,18
tt1479667,14
tt1241195,14
tt2321163,14
tt8634328,14
tt2082197,14
tt1392744,14
tt0464160,14
tt1120897,14
tt1391544,14
tt1714832,7
tt7149916,18
tt2246724,18
tt2345561,14
tt0979891,14
tt1949548,18
tt2344678,14
tt2407826,14
tt2805974,7
tt2213054,18
tt2262126,14
tt4467262,14
tt1266583,18
tt3449788,14
tt1734110,18
tt1292703,14
tt3483712,14
tt2275802,14
tt2677816,14
tt3949626,14
tt6151222,18
tt4996954,18
tt1221139,14
tt3524410,7
tt1605790,7
tt7104984,18
tt4944352,18
tt0482930,14
tt1682886,18
tt7763020,14
tt7527538,18
tt7472352,14
tt8190748,18
tt7217214,18
tt8435268,18
tt3967878,18
tt2404605,14
tt5998744,18
tt6116856,18
tt7486356,18
tt6791638,18
tt6452574,18
tt7690638,14
tt6217306,18
tt5419676,18
tt6952960,18
tt7280898,18
tt8595708,14
tt4269118,14
tt2386237,18
tt5536610,18
tt3962984,14
tt0084352,18
tt5743858,14
tt5814408,7
tt1415252,14
tt3563156,14
tt1327035,18
tt3723864,7
tt1703958,14
tt3211048,14
tt4553434,14
tt1524539,7
tt4129428,14
tt3732110,14
tt0449994,14
tt4678200,7
tt1274295,14
tt7177642,14
tt3554418,14
tt1372266,14
tt1105733,14
tt1185442,14
tt6103292,14
tt2186933,14
tt0485513,7
tt6705612,14
tt6611578,7
tt2367996,14
tt2053397,14
tt1512220,14
tt0492896,18
tt3569788,14
tt3044882,14
tt2984648,7
tt5026484,14
tt4287114,14
tt3469244,14
tt3794302,14
tt2767806,7
tt1017456,14
tt1375789,14
tt7585674,14
tt2271641,14
tt5017192,14
tt1639426,18
tt1956697,14
tt1324059,14
tt1428459,14
tt5080254,7
tt5297578,14
tt1430615,7
tt8513302,18
tt7946836,18
tt9257932,18
tt5057140,18
tt8893608,18
tt5164184,18
tt7440432,18
tt5968274,18
tt6485928,18
tt8948614,14
tt4610378,18
tt7133686,7
tt3120280,14
tt6186696,18
tt2338151,14
tt7448180,18
tt6183834,18
tt7981260,18
tt7647198,18
tt4232066,7
tt7222552,18
tt6053938,18
tt6170954,14
tt6522546,14
tt3960240,18
tt6485666,14
tt5690142,14
tt7218518,14
tt5451244,18
tt6129302,14
tt4157510,18
tt1289403,7
tt7525778,18
tt7841496,18
tt2372678,7
tt4864932,14
tt7170950,18
tt1629376,18
tt0964516,18
tt4399594,14
tt0248012,14
tt1438298,14
tt3390572,18
tt2980794,14
tt4594050,14
tt1667838,14
tt1918886,7
tt3859980,14
tt1291465,14
tt2077833,14
tt3148502,14
tt2130242,14
tt1720254,14
tt0457802,7
tt8841814,18
tt6596630,18
tt1859607,14
tt7029854,18
tt3201640,18
tt8126440,18
tt8106576,14
tt6826438,7
tt3711510,18
tt4940416,7
tt7256866,18
tt6910020,7
tt8015080,14
tt7104578,0
tt5246700,18
tt6090044,18
tt4762824,14
tt5222768,7
tt0800981,14
tt0346723,14
tt2361022,14
tt6958014,18
tt1805263,7
tt4335954,14
tt0795434,14
tt1442583,14
tt6191876,18
tt6149820,18
tt7624934,18
tt5586362,18
tt6218358,18
tt8167872,18
tt4357394,18
tt6290418,18
tt3704700,14
tt8033592,18
tt8439854,18
tt5304992,18
tt7370000,18
tt5688996,18
tt8581230,14
tt6788942,18
tt6020164,18
tt6599742,18
tt3685236,18
tt7321504,18
tt6774212,18
tt3799232,14
tt7895904,18
tt7322864,0
tt5397194,18
tt6679412,18
tt5507934,14
tt4537986,18
tt5741304,18
tt6471054,18
tt5925772,14
tt6721132,7
tt4594836,18
tt6580972,18
tt5877882,14
tt5461956,18
tt6060156,18
tt6296236,14
tt6194540,18
tt6744044,14
tt6197484,18
tt8106570,18
tt6821012,14
tt4853154,7
tt3458510,18
tt8139850,7
tt1724970,18
tt1690967,14
tt6857988,18
tt6142496,18
tt5580392,18
tt5665452,18
tt6692354,18
tt6386168,14
tt1230448,7
tt0347473,14
tt5833302,14
tt1024943,14
tt0451850,7
tt0222270,14
tt3722614,18
tt6061074,18
tt6423886,18
tt4986098,18
tt1337032,18
tt0425601,18
tt6135042,18
tt3317234,18
tt5712152,18
tt7949046,18
tt6108090,14
tt1799516,7
tt7983844,14
tt10289896,18
tt2011311,18
tt6127136,18
tt7767582,18
tt6204340,18
tt8064392,0
tt6243140,18
tt2936390,18
tt0164538,14
tt0499375,7
tt5456546,14
tt6949882,7
tt5674698,18
tt0367110,7
tt3599642,18
tt0382383,14
tt3183402,18
tt1464763,18
tt11649910,18
tt7057496,18
tt5607028,7
tt6119856,18
tt7853242,14
tt7689924,14
tt5783956,14
tt2548396,14
tt5607714,18
tt7967580,14
tt6710214,18
tt6408226,18
tt6688136,7
tt5176252,18
tt5566790,18
tt6288694,18
tt5267472,14
tt7608028,18
tt5653514,18
tt0358053,14
tt6262764,7
tt4554212,14
tt7867724,18
tt7471004,18
tt3174376,14
tt6589292,14
tt5829040,18
tt5157682,14
tt6192466,14
tt6212496,18
tt3654796,18
tt5519340,18
tt7308086,18
tt5163286,18
tt7608534,0
tt7155460,18
tt3672120,14
tt2566644,18
tt3255590,18
tt5997666,18
tt4898730,18
tt6269658,7
tt5791536,14
tt4943218,18
tt7588790,18
tt6352548,14
tt7320560,14
tt6185286,7
tt7608418,7
tt2396589,18
tt4738174,18
tt5379294,18
tt3292080,18
tt6379314,18
tt6272828,14
tt6200274,7
tt8411990,18
tt7296862,14
tt6357074,7
tt7253506,14
tt5205210,18
tt3460252,18
tt6214928,18
tt7214842,14
tt5723286,18
tt6009140,18
tt4906960,14
tt5697870,14
tt4930242,18
tt0268639,7
tt5161784,14
tt4373956,18
tt7321274,18
tt4225622,18
tt5435084,18
tt6895746,18
tt5233558,18
tt2551894,18
tt5317286,18
tt6263642,14
tt5862312,18
tt3748172,18
tt5034266,14
tt6330514,18
tt4685750,18
tt2380564,18
tt5121816,18
tt7291268,18
tt4334266,18
tt4882376,18
tt5873150,18
tt7332500,0
tt6119504,14
tt2989524,18
tt0177505,14
tt2358911,18
tt2358913,18
tt0468458,18
tt0379272,14
tt0230412,14
tt2937366,18
tt0071811,14
tt0097926,14
tt5788462,18
tt4562518,18
tt3511124,14
tt6522634,18
tt6079360,18
tt5173032,18
tt3335606,18
tt1241317,18
tt1860355,14
tt1536537,18
tt2597760,14
tt6048930,14
tt1841642,18
tt4652532,14
tt6333060,18
tt4924942,18
tt5016946,18
tt5213744,0
tt3096948,18
tt4156972,18
tt5274066,0
tt4778424,18
tt5990342,18
tt4170344,14
tt5304874,18
tt5479616,18
tt6333054,7
tt5541240,18
tt6598626,18
tt1729630,14
tt2150139,7
tt0060104,7
tt0237395,14
tt2343621,18
tt0056379,7
tt4857264,14
tt0111780,14
tt3967856,18
tt3713030,18
tt6333064,14
tt5539054,18
tt5074352,7
tt7022034,18
tt5541848,7
tt7094352,7
tt1386691,18
tt5147214,18
tt5698568,18
tt6830780,18
tt5294198,18
tt5030402,18
tt5635808,18
tt0114031,14
tt0286907,14
tt1713440,14
tt1854593,14
tt4909752,14
tt6998596,14
tt6333072,14
tt3405236,14
tt4758646,18
tt4607722,14
tt6574146,14
tt6791240,18
tt0126234,14
tt0110222,14
tt4305148,18
tt0114231,14
tt1655461,14
tt6714534,18
tt4466894,7
tt5809020,18
tt6333096,7
tt5709164,18
tt0172234,14
tt0136153,14
tt5256722,18
tt5598110,18
tt5050788,18
tt5935072,18
tt4034208,18
tt6333052,14
tt5717492,18
tt5946128,14
tt4627352,18
tt4940370,18
tt2582576,18
tt3202200,7
tt5260026,14
tt5978822,14
tt4607228,14
tt4631532,18
tt5893332,14
tt6237224,18
tt4669186,18
tt5117484,18
tt3155328,18
tt5820146,18
tt5081606,18
tt0367695,14
tt3352034,18
tt3341582,14
tt1518809,18
tt0395743,14
tt5446610,18
tt4213806,18
tt6097002,18
tt5155780,18
tt5212792,14
tt4842646,18
tt3282712,18
tt4144332,14
tt6302160,18
tt0104454,7
tt0479647,18
tt5117222,7
tt0227194,14
tt5089786,18
tt5826432,18
tt2608224,7
tt5082662,18
tt5156746,14
tt4058210,18
tt5710514,18
tt6332994,0
tt5122374,0
tt3410408,18
tt3296980,18
tt1545103,18
tt4771896,18
tt4341864,18
tt2962984,18
tt3137630,18
tt6522846,18
tt3331028,18
tt4535650,7
tt2461132,14
tt2361746,14
tt4806012,18
tt5900208,18
tt3616724,18
tt4641248,14
tt3171832,18
tt5525360,14
tt5571734,14
tt5792472,18
tt0211946,18
tt3348102,18
tt4076058,18
tt5078372,14
tt5577742,18
tt4971824,18
tt4273292,14
tt5740806,14
tt4146622,18
tt5513098,18
tt0389790,7
tt1730689,18
tt4434004,18
tt5979312,18
tt5477566,18
tt3598648,18
tt4334636,18
tt4365518,7
tt4109268,18
tt2106651,14
tt4158876,18
tt3574352,18
tt5912454,18
tt6045798,14
tt4530968,18
tt4572820,14
tt4129870,18
tt6475636,7
tt6150900,18
tt5167174,18
tt0079807,18
tt4958426,18
tt5710042,18
tt4730986,18
tt1542768,14
tt5952266,14
tt5275866,18
tt3626742,18
tt5059406,14
tt4846318,7
tt5555502,14
tt4131240,18
tt2210479,18
tt1785394,14
tt4466936,14
tt5278930,18
tt4936176,18
tt5001772,18
tt5895028,18
tt3922798,18
tt4650738,18
tt4412362,18
tt2614722,18
tt5116896,18
tt2767948,18
tt5952332,18
tt5278460,18
tt5640450,18
tt2407418,14
tt4855748,18
tt4679136,18
tt1639084,18
tt4902716,18
tt5151716,18
tt2724532,18
tt5240748,18
tt5207116,18
tt2452386,18
tt2888046,14
tt4769836,18
tt4181052,18
tt5598216,18
tt3544218,18
tt5022702,18
tt7255884,18
tt0986354,18
tt2386404,18
tt0837156,7
tt2652118,14
tt1220719,18
tt1386932,18
tt5339586,18
tt2479478,14
tt3282858,18
tt3275216,18
tt3824412,18
tt1365050,18
tt3118452,18
tt4908644,18
tt4900018,14
tt3302820,7
tt3799372,18
tt3986532,14
tt2428170,18
tt4284010,14
tt3090670,18
tt3970854,18
tt4382552,18
tt3455224,18
tt3456090,18
tt3557464,14
tt2004304,7
tt3445270,18
tt1757800,7
tt2486682,18
tt3753108,18
tt3070936,0
tt2466830,7
tt1787660,7
tt1422032,18
tt1024942,18
tt0472033,14
tt0478087,14
tt9390026,14
tt1301698,18
tt7614404,7
tt4370922,18
tt11642302,14
tt5646082,14
tt1640202,18
tt0402022,14
tt2388856,7
tt2184233,14
tt0443649,14
tt3396208,18
tt4392454,18
tt2059171,18
tt1442571,18
tt7476438,18
tt0450232,14
tt0974661,14
tt7541106,18
tt8142044,18
tt2396566,14
tt4575328,14
tt4385888,18
tt1711425,18
tt4261326,18
tt5442456,18
tt0191754,14
tt0338490,18
tt4158624,14
tt7987516,7
tt7616358,14
tt1622547,18
tt0096740,14
tt4760186,18
tt3978720,18
tt2486678,18
tt0343660,14
tt1306980,18
tt4703048,18
tt5162476,18
tt5189894,18
tt6359956,18
tt6289320,14
tt1401621,7
tt0075784,7
tt0066921,18
tt0106661,18
tt4137808,7
tt4653186,7
tt5235880,14
tt2044729,18
tt6794380,18
tt2243537,18
tt6170262,14
tt2726552,18
tt8412232,18
tt2937898,18
tt3168808,14
tt8262374,14
tt0120770,14
tt3765078,18
tt2181282,18
tt2275471,18
tt5780570,18
tt1832382,14
tt1019452,18
tt3303652,7
tt1135989,14
tt0763831,14
tt0281358,7
tt1280558,18
tt1620680,7
tt8712750,18
tt5709188,7
tt1848771,14
tt1227524,14
tt2606526,14
tt5012994,7
tt6106494,14
tt0276751,14
tt4413338,18
tt4295258,18
tt0445922,14
tt1591479,18
tt1686039,18
tt6684714,18
tt4242982,14
tt2103267,18
tt7476874,14
tt1291547,18
tt7681970,18
tt1224366,18
tt1780762,18
tt0831840,14
tt1845773,18
tt0418460,14
tt10497352,18
tt4518260,7
tt0071115,7
tt4329394,14
tt7542576,18
tt0096787,0
tt4906686,0
tt6023386,18
tt0490076,18
tt6012244,18
tt3026488,18
tt0164334,18
tt6700846,0
tt10108544,14
tt2901006,18
tt0075669,14
tt6032170,18
tt1961175,18
tt0169547,18
tt7628146,14
tt8975028,18
tt2923316,18
tt0120586,18
tt3721936,18
tt0144084,18
tt2870648,18
tt3279468,7
tt0090633,0
tt0101329,0
tt5779372,7
tt5837152,18
tt5981304,18
tt3317208,18
tt0225071,18
tt0305224,14
tt3368222,18
tt2912578,14
tt3032060,7
tt5204636,7
tt5095030,14
tt3809960,18
tt0953306,14
tt6423664,18
tt4325400,18
tt1772240,14
tt3422078,7
tt3245848,14
tt1334512,14
tt1430607,7
tt2870612,18
tt0119822,14
tt5238904,18
tt3800222,18
tt5994166,14
tt1603257,14
tt3779818,14
tt1971325,18
tt4154756,14
tt7357302,18
tt4906984,14
tt0449467,18
tt2944198,18
tt2784936,18
tt0112442,18
tt0172156,18
tt5990066,18
tt5264178,18
tt10253466,14
tt0112453,0
tt5370442,18
tt5816374,18
tt4048668,18
tt1814644,18
tt1621642,14
tt5001576,18
tt1202517,14
tt6090268,18
tt4955162,0
tt5502946,0
tt2396690,0
tt1731701,14
tt3056386,14
tt0112459,7
tt0131857,18
tt0103772,18
tt6029778,14
tt0068257,7
tt0246456,14
tt2473476,18
tt5512872,7
tt6780296,0
tt0115641,14
tt0103783,14
tt6086714,14
tt0416508,14
tt0960731,7
tt5929776,7
tt6171960,18
tt3916100,14
tt5073620,18
tt4574654,18
tt0315273,7
tt2142711,14
tt2275743,18
tt0363472,7
tt2210509,14
tt2428368,14
tt0805184,14
tt0995031,14
tt0341266,18
tt4986754,18
tt0142342,14
tt0265298,7
tt7630164,18
tt5846744,7
tt0303356,18
tt0249462,18
tt7178026,14
tt4702826,18
tt4277692,18
tt6069264,18
tt4911780,14
tt2347289,14
tt0265086,18
tt9853686,7
tt1825683,14
tt5667516,18
tt5614612,18
tt2545118,14
tt4061010,14
tt6443294,18
tt1620935,18
tt3700456,7
tt3647498,18
tt0221027,18
tt2334873,14
tt3748440,18
tt2359024,18
tt0181316,14
tt1120985,18
tt5602204,18
tt9107368,18
tt6082630,18
tt0069810,14
tt6864864,14
tt5931144,14
tt3722062,14
tt0397892,7
tt6752848,14
tt4247144,18
tt0061418,18
tt7582508,18
tt6619064,14
tt2337841,18
tt6283780,18
tt6185692,18
tt4660172,18
tt4440690,18
tt0393109,18
tt1210042,18
tt6917210,18
tt5497906,0
tt6140148,18
tt1126591,14
tt1586713,14
tt5143770,18
tt7282468,18
tt4720702,18
tt0053622,14
tt3832096,18
tt7715988,18
tt4897908,14
tt2994190,18
tt0127723,14
tt0103919,18
tt5723056,14
tt7375412,7
tt1233519,14
tt2402927,18
tt0074285,18
tt0806203,14
tt1702425,18
tt0381061,14
tt0104145,18
tt0051459,18
tt1698654,14
tt1287468,7
tt8115300,7
tt4915318,18
tt2190196,7
tt0210616,14
tt3360280,14
tt0245825,14
tt1612264,0
tt5013782,7
tt5270948,14
tt0367594,7
tt0305357,14
tt0070016,0
tt0118842,18
tt6015328,18
tt1991245,18
tt6817922,14
tt0371606,0
tt9652322,18
tt0094862,18
tt6015706,18
tt1785333,18
tt0062803,0
tt1352824,18
tt5588850,18
tt3398066,7
tt4923846,0
tt0388419,7
tt4575576,7
tt0479354,18
tt0072783,7
tt0450405,14
tt0317248,18
tt1966385,18
tt10432050,18
tt0800320,14
tt0069890,7
tt0389860,14
tt6494358,18
tt2218003,18
tt1371111,18
tt2452254,18
tt1060277,14
tt0393162,14
tt0462229,14
tt6334874,7
tt6069520,14
tt4005402,18
tt1239276,14
tt2597768,18
tt0296574,18
tt4992060,18
tt7784920,18
tt2296697,18
tt7518466,18
tt1242843,14
tt12561204,14
tt2893780,14
tt0061512,14
tt0327597,7
tt0375679,18
tt5359624,18
tt0190332,14
tt3280262,18
tt2355540,18
tt4967920,18
tt0097142,7
tt0317303,7
tt0790636,18
tt5287914,18
tt4485246,18
tt0118928,14
tt2989350,7
tt1901024,18
tt2402101,18
tt0349333,18
tt5926848,14
tt0104057,18
tt6266218,18
tt8161554,7
tt1683048,18
tt3525168,18
tt0946999,14
tt6540984,14
tt3914332,14
tt5615116,14
tt1321509,18
tt2984576,18
tt7046112,18
tt0337971,18
tt1339660,14
tt2069797,18
tt3131050,18
tt4143306,18
tt1259528,18
tt5770836,18
tt5047400,18
tt6034164,14
tt4372390,18
tt6419524,18
tt10255320,14
tt4771956,18
tt4610748,18
tt0451702,7
tt0845448,14
tt0246460,14
tt0328998,14
tt0427152,14
tt0089029,14
tt5039994,14
tt1136608,18
tt0059113,14
tt4054654,18
tt5774054,7
tt2978462,7
tt3282076,18
tt3534282,14
tt1270761,18
tt5284552,18
tt11095912,18
tt7692504,14
tt3622110,18
tt6039512,18
tt4972062,18
tt0119008,18
tt0419706,18
tt0098313,14
tt0918927,14
tt6277748,7
tt0116136,14
tt5610626,14
tt6627466,18
tt6802360,7
tt6974888,7
tt3175888,14
tt0314006,14
tt0329028,14
tt2183034,7
tt1282140,14
tt0879870,14
tt7477108,14
tt4280824,14
tt3368378,7
tt0352314,18
tt13281426,14
tt6431828,14
tt12679522,7
tt4558042,7
tt5935682,7
tt5460068,18
tt0424993,14
tt0375733,14
tt1855199,18
tt2316411,18
tt5241010,14
tt0070034,18
tt3289728,14
tt0238380,18
tt0103150,18
tt5725010,14
tt7779590,18
tt0413099,7
tt0119081,18
tt6659936,18
tt0251075,14
tt0116253,18
tt1723123,18
tt0242445,18
tt6830716,14
tt5612742,18
tt2130033,14
tt9033386,14
tt0119099,18
tt5145414,18
tt0120669,18
tt0067093,0
tt5065500,18
tt6851066,18
tt0195714,18
tt0309593,18
tt0414982,18
tt3652526,14
tt2375666,18
tt5884234,18
tt4399590,18
tt12030516,14
tt10613550,14
tt0084921,18
tt1054588,14
tt5999382,14
tt1405500,18
tt4125856,7
tt7051624,18
tt2433118,18
tt0076044,0
tt6538102,14
tt0049223,0
tt8788634,18
tt5529828,18
tt1567233,7
tt0369436,14
tt0109831,18
tt0488120,18
tt2347569,18
tt0486583,7
tt0106965,7
tt3548962,18
tt3675504,18
tt8737124,7
tt0758746,18
tt3352390,18
tt8898648,14
tt1179034,18
tt0978759,18
tt3977462,7
tt6302260,18
tt9412268,18
tt3509978,18
tt0436339,7
tt6805354,18
tt6467500,7
tt0217505,18
tt1445022,7
tt4499228,18
tt3577616,18
tt5532844,18
tt1226229,18
tt1935940,7
tt0425061,14
tt0099652,14
tt4365566,18
tt0259324,14
tt0185335,18
tt0459327,14
tt0051658,0
tt2115295,14
tt1559038,18
tt5702446,7
tt5073020,7
tt6083388,18
tt2528814,7
tt6652708,7
tt5635086,18
tt0113189,14
tt7335104,18
tt4911996,18
tt0495034,14
tt5503472,18
tt2170427,18
tt4954458,18
tt3297330,18
tt9602378,18
tt2167540,18
tt0433383,7
tt1361318,18
tt0099685,18
tt6057032,18
tt1456635,18
tt0280707,18
tt0348836,18
tt4513812,14
tt1205489,18
tt2476154,18
tt4424930,18
tt0077631,7
tt4062536,18
tt6071534,18
tt5648966,7
tt3957170,7
tt2645092,18
tt3283718,14
tt2321321,14
tt0427327,7
tt0255212,14
tt0093137,18
tt10568552,14
tt3011960,18
tt5189770,18
tt3116054,18
tt3072482,18
tt0481536,18
tt0366551,18
tt4683668,14
tt3319844,18
tt0267548,7
tt4201990,18
tt6089358,18
tt7050140,18
tt3424690,18
tt1506999,18
tt3065132,14
tt4052050,18
tt7350614,18
tt0138487,18
tt5239942,14
tt0125022,14
tt5701718,18
tt3574822,7
tt2141773,18
tt2582782,18
tt0167190,14
tt1798709,18
tt8879666,14
tt0073104,14
tt4814760,18
tt0136242,18
tt6334884,18
tt1492872,14
tt5662906,14
tt4867094,14
tt1244093,18
tt6650436,14
tt0386588,14
tt5200814,7
tt3671542,18
tt4419364,18
tt5278464,18
tt1657283,14
tt7021508,14
tt8324474,14
tt5516404,7
tt1528071,18
tt3177332,14
tt2652948,14
tt4828330,7
tt5207262,7
tt5478478,18
tt2854394,18
tt3515318,18
tt0787475,14
tt5220122,7
tt1582507,14
tt5518022,14
tt0170016,7
tt4795124,14
tt0119326,18
tt4144504,18
tt0113347,14
tt5933588,7
tt2708290,14
tt0216817,0
tt0444840,7
tt3552892,18
tt1563719,18
tt4007248,18
tt6113122,18
tt0410097,18
tt5786588,18
tt1497617,18
tt1629295,18
tt1741225,18
tt4647900,7
tt6398054,14
tt5918090,14
tt4722674,18
tt5885106,18
tt3212232,18
tt1742650,14
tt7207006,14
tt5168192,18
tt3236120,14
tt1618432,7
tt4431208,18
tt2557256,18
tt2327333,14
tt0465502,7
tt0780567,7
tt4801232,18
tt5868150,18
tt3481634,18
tt3246600,18
tt0367882,14
tt0097576,14
tt0082971,7
tt0087469,7
tt3147336,18
tt2215151,7
tt0361748,18
tt0494238,7
tt0438875,14
tt2378281,14
tt5291862,14
tt2625810,18
tt1057500,14
tt8985618,7
tt1828210,14
tt4610308,14
tt2215163,18
tt0113442,7
tt2088745,18
tt0456481,14
tt1181840,7
tt6360394,18
tt0119396,18
tt4320966,14
tt1245774,14
tt2708550,14
tt2387495,14
tt5960464,14
tt0261392,18
tt0070949,18
tt4005668,14
tt1742044,18
tt8201974,14
tt5562172,18
tt0070242,18
tt1772925,7
tt0053965,14
tt6679242,14
tt0478176,14
tt0401729,14
tt2699840,18
tt5639446,18
tt7202976,18
tt0119428,14
tt1547230,7
tt1135503,14
tt1640484,14
tt0418773,18
tt1617661,14
tt0433400,14
tt0105385,14
tt1702443,0
tt0267626,14
tt5460276,14
tt4602608,7
tt0082594,14
tt10981694,7
tt11317454,14
tt1640718,7
tt1633212,14
tt5634088,18
tt6555628,14
tt1156148,14
tt0035423,14
tt6416760,14
tt0984056,14
tt1999192,18
tt2609912,18
tt6972670,18
tt0107311,14
tt0466460,14
tt0244585,7
tt0348656,14
tt3742262,14
tt8539818,14
tt3082898,18
tt0113537,18
tt4061876,14
tt2917388,18
tt0266697,18
tt0378194,18
tt2667380,18
tt5020372,18
tt1416801,18
tt0095444,14
tt1103153,14
tt3037164,18
tt3622120,18
tt3863484,18
tt0388183,14
tt0116778,14
tt5843850,18
tt4302956,7
tt0119468,18
tt3132450,14
tt3605418,18
tt0185405,14
tt0448011,14
tt1613750,14
tt0215911,14
tt8672310,7
tt4266638,18
tt0835802,18
tt7172308,18
tt0373074,18
tt1186365,7
tt4217392,7
tt0138563,18
tt0250483,7
tt7808118,18
tt0349703,7
tt6794424,18
tt0093378,14
tt5198944,18
tt5600714,14
tt2063782,18
tt4327752,18
tt0452637,14
tt1984194,18
tt4797160,14
tt6378942,18
tt2493486,18
tt1294688,18
tt1216492,7
tt1537401,7
tt6942450,18
tt2467046,14
tt1219342,7
tt6288650,18
tt0084671,14
tt1038686,18
tt3496790,14
tt2581244,18
tt5178264,7
tt7188978,18
tt0120115,14
tt6495388,7
tt0103994,18
tt3442990,18
tt0443272,14
tt2948472,14
tt0102315,14
tt0084256,14
tt4919484,7
tt0185431,14
tt5434870,18
tt5275828,14
tt0120735,18
tt2692904,18
tt1592525,14
tt7207478,18
tt0074812,7
tt0056193,18
tt7043176,14
tt0100600,14
tt4176826,18
tt11062058,14
tt6004848,14
tt9238392,18
tt7580570,14
tt0110852,14
tt7543072,18
tt7277350,14
tt1638002,18
tt2638900,18
tt0323120,18
tt0114991,14
tt5639784,7
tt0449306,14
tt8698956,14
tt5349672,14
tt6903200,7
tt1870425,18
tt0079501,18
tt0951216,14
tt6041030,18
tt5713232,14
tt2987718,18
tt9458116,14
tt5471480,7
tt3415692,14
tt0445305,7
tt0451803,14
tt0100095,7
tt7408358,7
tt6197494,18
tt2016940,18
tt2378776,18
tt3064298,18
tt0085896,18
tt6559080,14
tt2893490,14
tt5069158,14
tt2608324,14
tt5821256,18
tt0178737,14
tt5569160,18
tt5046500,14
tt3963816,18
tt0091607,18
tt0327036,18
tt6304018,14
tt6336356,7
tt5028340,7
tt0085913,14
tt5735464,18
tt6759686,18
tt0814209,14
tt1439558,14
tt3864758,18
tt8888108,14
tt5142750,7
tt4375446,7
tt0267739,7
tt5160928,18
tt0070379,18
tt6400316,7
tt0089574,18
tt7244092,7
tt0323633,18
tt5729348,18
tt9235070,14
tt0119654,14
tt0120912,14
tt4785662,18
tt1368116,18
tt9837502,18
tt3321300,18
tt4981636,7
tt2649554,14
tt1013753,18
tt0349825,7
tt1667353,7
tt3689910,14
tt2667960,14
tt7281126,14
tt1784538,18
tt4935480,18
tt2693580,18
tt5959952,14
tt7515456,18
tt2349144,18
tt5343678,18
tt5189828,18
tt2322517,18
tt10327136,14
tt4209788,18
tt0304415,14
tt4715356,18
tt0119695,18
tt4820278,7
tt6922972,18
tt6572702,7
tt0369735,14
tt1182345,18
tt4975722,18
tt2718440,18
tt3652862,18
tt2281365,18
tt2327425,14
tt6278732,12
tt6203570,7
tt1333125,18
tt4196848,14
tt0280590,14
tt3412684,14
tt0350079,14
tt0419984,14
tt2493390,14
tt1935179,14
tt2514592,14
tt0418362,7
tt3858372,7
tt2281587,7
tt0878695,18
tt0056264,7
tt3301150,14
tt5538568,14
tt3202940,18
tt2321405,14
tt0295461,14
tt5111874,18
tt1078588,14
tt2449180,18
tt1655420,18
tt7160842,7
tt0457510,7
tt5139936,7
tt4695098,18
tt5709762,7
tt0084385,14
tt5525310,18
tt0368891,7
tt3671086,18
tt4698584,18
tt6529772,7
tt0363282,7
tt5278578,18
tt0435705,14
tt5159408,14
tt7184124,18
tt2043933,18
tt2872718,18
tt0956038,14
tt0451833,7
tt4060006,18
tt0481141,7
tt9434836,7
tt9428190,7
tt5781440,14
tt3266284,14
tt0114011,14
tt3807496,18
tt1266029,18
tt1921040,7
tt5213534,18
tt2910274,18
tt6774786,18
tt0054135,7
tt0496806,14
tt0349903,14
tt3500544,18
tt4439102,18
tt6333090,14
tt0086047,14
tt6965446,14
tt4444956,18
tt0064116,14
tt6168298,7
tt2515086,7
tt6484956,0
tt5327410,18
tt5358948,18
tt1602613,18
tt3587396,18
tt0400717,7
tt6044910,18
tt7983794,18
tt6878882,18
tt5052524,18
tt4693358,18
tt4625196,7
tt10095336,18
tt2018069,14
tt7013194,7
tt2445568,18
tt3255586,14
tt0431308,14
tt1031952,18
tt0259484,18
tt1472460,18
tt0095937,7
tt3669520,14
tt3202202,18
tt0258000,18
tt0395701,7
tt6212136,18
tt1179904,18
tt0119861,14
tt0100332,18
tt0105104,18
tt1535467,7
tt4083682,14
tt0105112,18
tt1114740,7
tt6405694,14
tt1176961,14
tt2776344,18
tt0472160,7
tt4696310,18
tt6854248,18
tt0457433,18
tt4714782,18
tt5535814,18
tt5117670,7
tt8338746,18
tt1856057,7
tt0107818,14
tt1521846,18
tt2198109,14
tt6941560,14
tt5644050,7
tt7031338,18
tt7734662,7
tt0305455,18
tt4680196,18
tt0091763,18
tt7419468,18
tt7655524,18
tt6915100,7
tt0081353,7
tt4446472,18
tt6280608,18
tt2401719,18
tt2878406,14
tt4505666,18
tt0117381,18
tt0087960,14
tt6053440,18
tt0218533,14
tt0110912,18
tt3607198,14
tt1921070,18
tt1926313,14
tt10254986,18
tt0830515,14
tt1837636,14
tt1075417,7
tt1084950,18
tt0081398,18
tt3337550,14
tt3551954,18
tt4687848,14
tt0117437,14
tt0072064,7
tt0152139,14
tt6720618,7
tt0476848,14
tt6927152,18
tt2612162,18
tt7765900,14
tt4033926,18
tt6832730,14
tt1708532,7
tt0048545,14
tt6622960,18
tt5120400,18
tt0087985,14
tt7211972,7
tt5888866,18
tt2312602,18
tt7785062,7
tt3704050,18
tt1403981,14
tt2331047,14
tt1220634,18
tt6414866,18
tt5119264,18
tt0081494,18
tt6355584,18
tt1396523,18
tt0959337,18
tt2884144,18
tt1034331,18
tt2633598,18
tt4871120,14
tt7052244,14
tt0075148,7
tt0079817,7
tt0084602,7
tt0089927,7
tt0100507,14
tt3650534,18
tt8092888,18
tt3621360,18
tt3170832,18
tt5796156,18
tt5674574,7
tt0063522,18
tt0128442,18
tt7341406,18
tt0113326,18
tt0398375,14
tt0411815,14
tt0163187,7
tt5696326,14
tt8420952,14
tt4257950,7
tt5165344,14
tt0257076,14
tt0341554,14
tt3172520,18
tt5777802,14
tt0086230,14
tt1862079,18
tt4943558,18
tt5312232,14
tt1228751,7
tt3703498,14
tt7746986,18
tt6951892,14
tt2624946,14
tt0058547,14
tt0400795,14
tt3922810,7
tt1754455,0
tt5701172,7
tt0833533,14
tt6864588,14
tt1797486,14
tt7445772,18
tt2182099,14
tt0084630,14
tt5654600,18
tt5851014,18
tt8898498,18
tt2140373,14
tt7319822,18
tt0050817,7
tt0175142,18
tt0108052,18
tt0096054,18
tt0446029,14
tt0120082,18
tt0134084,18
tt0108065,7
tt2125608,14
tt0479997,14
tt1037850,7
tt1741273,14
tt2142883,14
tt1424432,14
tt1261945,18
tt4937564,18
tt1650060,18
tt2625014,14
tt2072227,14
tt0284479,7
tt0352190,14
tt1633356,14
tt1817236,18
tt0988045,14
tt14984074,18
tt8059506,0
tt7437462,0
tt5752374,14
tt2370248,18
tt3044562,18
tt4688446,14
tt0440803,18
tt5375434,18
tt5867226,18
tt0938330,18
tt4938484,7
tt2437954,14
tt5169582,7
tt7312940,14
tt4667854,18
tt3912040,18
tt1641841,18
tt2238032,14
tt6157600,18
tt1564585,14
tt3165612,18
tt0368975,7
tt0117666,18
tt0108162,18
tt3205376,18
tt0122718,14
tt0858479,18
tt4184878,14
tt5344794,18
tt0451919,14
tt5639898,18
tt7969042,18
tt3069954,18
tt3778644,14
tt0970452,18
tt0337741,14
tt2452200,18
tt1596346,7
tt5728684,18
tt0075249,7
tt4843344,14
tt10379012,14
tt0413300,14
tt4633694,7
tt1895587,18
tt7785302,18
tt2101441,18
tt5903926,18
tt0227538,7
tt0338459,7
tt3510480,18
tt6182078,18
tt10048556,14
tt2567712,18
tt0838283,18
tt8011450,14
tt3829378,18
tt1609160,18
tt4266660,7
tt1772264,14
tt3511812,18
tt6620238,7
tt2866708,14
tt0420223,14
tt0105488,7
tt5477402,18
tt0083131,18
tt0117765,18
tt0243585,7
tt5270732,18
tt4025514,18
tt1869682,18
tt7581572,14
tt0900387,18
tt7428820,18
tt2378830,18
tt2385227,18
tt5112578,18
tt2630076,7
tt0829482,18
tt0348150,14
tt0167427,14
tt5537600,18
tt5684868,0
tt0152720,7
tt0408236,18
tt2582498,18
tt4034354,18
tt5269396,18
tt1213928,14
tt0810922,18
tt0120855,0
tt2965820,14
tt6588332,14
tt1183917,7
tt1774591,18
tt0103060,7
tt1572311,7
tt6317016,7
tt0181852,18
tt0438488,14
tt6043298,7
tt1706317,18
tt4875844,18
tt2197926,18
tt8148018,14
tt1735907,18
tt0983193,7
tt0454065,18
tt4914580,18
tt0112346,14
tt0384806,18
tt6095472,7
tt2337280,18
tt4156152,18
tt2172985,18
tt0160009,18
tt5034474,18
tt3289956,18
tt5253282,14
tt4660980,18
tt5278458,18
tt0106552,14
tt6118340,18
tt7329810,18
tt3286052,18
tt5596034,14
tt1037705,18
tt4040042,18
tt1038919,14
tt0362478,14
tt3882082,14
tt0914798,14
tt0476964,18
tt3901826,14
tt0452594,14
tt8193396,14
tt0355295,14
tt0825232,14
tt4030600,14
tt6613958,18
tt4830786,14
tt2326612,18
tt0075809,7
tt7284952,18
tt6113488,7
tt7025210,18
tt5036924,14
tt4633662,18
tt1975153,18
tt4547514,14
tt2739338,7
tt5271120,7
tt0059037,14
tt1172991,18
tt5841344,14
tt4210080,14
tt1821641,18
tt0115963,18
tt0481499,7
tt0109506,18
tt0066289,7
tt0104036,18
tt2690138,18
tt1483762,14
tt1989598,18
tt0083791,7
tt9007142,18
tt6017594,18
tt3922816,18
tt7286916,18
tt0407887,18
tt6147512,14
tt6883152,7
tt1560985,18
tt7689910,14
tt3603808,18
tt1576459,7
tt4653586,18
tt2436682,18
tt0377818,14
tt3416744,18
tt3986820,18
tt0083907,18
tt4721124,18
tt5225338,18
tt5083702,18
tt0964517,18
tt1144884,18
tt3422314,14
tt11310004,18
tt0116313,7
tt0109813,7
tt0158622,7
tt0071512,18
tt0865556,14
tt6159518,18
tt1615160,18
tt2145909,18
tt4276820,14
tt5271264,7
tt2005374,18
tt0374506,14
tt9178814,18
tt7612748,18
tt1568346,18
tt8329290,18
tt4721404,14
tt2262315,18
tt1092633,18
tt3454828,14
tt3900196,14
tt3253940,14
tt6931414,18
tt0079236,14
tt0326905,18
tt0990407,14
tt6089700,18
tt1045655,14
tt8663942,18
tt1454029,14
tt6318848,18
tt2918606,18
tt0470850,14
tt6143568,18
tt2980648,7
tt5360952,14
tt3993350,14
tt1054606,14
tt3528756,18
tt0113419,7
tt1130080,18
tt3842614,18
tt7613996,18
tt1058017,14
tt2400463,18
tt1007029,14
tt0866437,14
tt5114154,14
tt1504320,18
tt0410297,7
tt2338774,18
tt0104685,18
tt1320244,14
tt3286560,18
tt3219604,7
tt7958740,14
tt8318348,7
tt7027566,18
tt3224258,14
tt5666304,18
tt5493944,7
tt1754656,7
tt5317732,7
tt0405094,18
tt3464902,18
tt4399952,18
tt0071771,18
tt1091751,7
tt3521134,14
tt0167260,14
tt0167261,14
tt0811138,14
tt0083012,14
tt0106538,14
tt6035294,7
tt1313047,14
tt0120746,14
tt0133093,18
tt0234215,18
tt0242653,18
tt6150238,18
tt1234548,18
tt4074364,18
tt3976144,18
tt1204342,7
tt3244786,7
tt0095705,14
tt0087781,7
tt7456534,18
tt5523010,7
tt2756032,18
tt1099228,7
tt1386588,14
tt0283534,18
tt5160154,18
tt0119874,18
tt0107798,14
tt1659337,14
tt0293508,14
tt2101473,18
tt0383216,7
tt5126922,18
tt1430626,7
tt1817273,18
tt5156652,18
tt3914450,18
tt0338348,0
tt0406853,18
tt1085492,18
tt0780521,0
tt6589464,18
tt9153882,14
tt0454921,14
tt0119978,14
tt2313306,7
tt5116230,18
tt5820812,18
tt14690742,14
tt1994591,14
tt0298130,14
tt2717860,18
tt5664502,18
tt0110997,14
tt5914350,18
tt1265990,14
tt2345737,18
tt0376136,18
tt3687398,18
tt2720680,18
tt1673697,14
tt0227445,18
tt3450900,14
tt5113040,7
tt4136056,18
tt3848888,18
tt2088950,18
tt0046292,14
tt2910814,14
tt3949658,18
tt3418604,14
tt1285016,14
tt1714206,18
tt0078310,18
tt1273678,7
tt7706168,18
tt0420293,18
tt5873672,14
tt4456270,18
tt5884784,18
tt3973724,14
tt1111422,18
tt0134119,18
tt3853830,14
tt6826526,0
tt0268695,14
tt0452694,14
tt1507571,18
tt0117965,18
tt0290095,14
tt1142988,18
tt2372429,18
tt4630550,18
tt2390962,14
tt1524575,14
tt4596784,14
tt3007512,18
tt0120484,14
tt0757933,7
tt7827944,14
tt4263482,18
tt4580550,14
tt5974460,7
tt6444838,18
tt0143145,14
tt4714568,18
tt0354234,14
tt5331878,7
tt6625254,14
tt0098465,14
tt5777992,14
tt6772874,7
tt4881362,18
tt3501632,14
tt4379728,18
tt6448440,14
tt5716380,18
tt6033150,14
tt5983262,18
tt3021806,14
tt3472928,14
tt0114682,14
tt6039532,14
tt0120347,14
tt0255653,14
tt3879074,18
tt2401097,14
tt0819810,18
tt1022513,18
tt5700672,18
tt0117951,18
tt0988047,14
tt2209764,14
tt1921149,18
tt5076792,18
tt6980988,0
tt3246684,7
tt0100814,14
tt3305308,18
tt0090202,14
tt0114726,7
tt4187650,18
tt10011508,18
tt6333066,18
tt5734548,18
tt0065126,0
tt5116504,18
tt3203606,18
tt1465522,18
tt2302945,7
tt0037404,14
tt1860353,7
tt3099498,18
tt8257624,18
tt6671850,18
tt4412528,18
tt4254838,14
tt1032821,18
tt2882328,18
tt2315582,18
tt0488658,7
tt6400614,18
tt1441395,18
tt1047011,14
tt6395306,14
tt1193138,18
tt6203964,18
tt8887736,14
tt2032572,18
tt0434409,18
tt0443274,14
tt5632164,14
tt7262178,14
tt4925028,14
tt4977530,18
tt3222852,14
tt5657280,18
tt3704298,18
tt6921450,14
tt4317854,14
tt6275262,14
tt4177018,18
tt3531740,18
tt4818930,18
tt0348333,18
tt0472710,18
tt5195412,18
tt2331100,7
tt5420886,14
tt0499556,18
tt1568911,14
tt3708886,18
tt4183910,14
tt6290202,7
tt7974234,0
tt3787590,18
tt8417466,14
tt4699534,18
tt7681824,18
tt5128712,18
tt4023852,18
tt2758890,18
tt0062485,18
tt10876506,18
tt5934564,14
tt0161081,14
tt6013156,14
tt2271771,18
tt5278932,14
tt0149367,14
tt5716848,18
tt6888938,18
tt4911876,18
tt0063803,18
tt3483174,18
tt0120891,14
tt5929754,14
tt6981046,18
tt0067992,0
tt6333082,14
tt0083331,18
tt1399683,18
tt2870708,18
tt3246874,14
tt6281936,18
tt4623856,18
tt0469641,14
tt4635548,14
tt5979920,18
tt0111756,14
tt3322892,18
tt0295701,14
tt0329774,14
tt0245574,18
tt1002963,18
tt0248617,14
tt2053483,14
tt2510874,14
tt0845554,7
tt3526408,7
tt1906518,7
tt4556738,7
tt3838992,14
tt5242920,0
tt2486856,18
tt1382687,7
tt0960144,18
tt1625346,18
tt4190220,18
tt2343847,14
tt0443706,18
tt1156398,18
tt0383060,7
tt3776484,14
tt10404944,18
tt2720826,14
tt9769668,14
tt10168094,18
tt8009744,14
tt12789212,14
tt14766058,18
tt4841640,18
tt1916728,14
tt4779326,7
tt15260940,7
tt6060444,14
tt10675724,14
tt1320282,14
tt11753730,18
tt6417816,7
tt12735338,0
tt13657102,14
tt10241024,7
tt7240536,7
tt5795282,18
tt14620732,18
tt8726116,18
tt7881550,14
tt0074168,18
tt5153236,14
tt5360996,18
tt7615302,18
tt1207641,14
tt5932800,14
tt8974562,18
tt11188850,14
tt9098928,14
tt7741602,14
tt12792598,18
tt12661060,0
tt8426594,18
tt4859168,18
tt8367084,18
tt7559180,14
tt6076668,18
tt10833732,18
tt11602582,18
tt12139700,7
tt9000388,18
tt10097544,14
tt12779208,14
tt12260412,18
tt9077038,18
tt9620986,18
tt8622232,7
tt5648036,18
tt11423784,18
tt1322269,18
tt11250720,7
tt11503178,18
tt10648198,18
tt9016974,18
tt9633480,14
tt12792418,18
tt0765446,7
tt8846176,18
tt13773882,14
tt12285116,14
tt14243986,0
tt8435324,14
tt13248198,18
tt9204164,7
tt9893250,18
tt4268054,18
tt8090564,18
tt12481806,7
tt11313944,14
tt11454718,14
tt10038660,7
tt6317656,14
tt11841830,14
tt11821818,0
tt11841144,14
tt13696668,14
tt8428550,0
tt3837166,0
tt8354112,18
tt9252468,18
tt13483050,14
tt3300980,18
tt10938266,14
tt8949056,18
tt3461524,14
tt1754578,18
tt0157183,18
tt9725830,18
tt4384500,18
tt3833480,18
tt1345777,14
tt11276598,7
tt13705098,14
tt6068554,14
tt8992946,14
tt3661298,14
tt8332742,7
tt14605694,14
tt8058874,18
tt18570412,18
tt8739582,18
tt7983712,18
tt5807330,18
tt7755856,18
tt12715158,18
tt3108404,18
tt3969512,18
tt3052110,7
tt3322420,18
tt5804038,14
tt8145202,18
tt8099236,14
tt7600382,7
tt6760876,18
tt0064038,18
tt8747548,18
tt5233554,14
tt6193522,0
tt8976464,14
tt1680140,14
tt6428150,14
tt10033686,14
tt10349240,14
tt12327140,18
tt0470102,7
tt8530796,14
tt1787067,14
tt7562334,7
tt6937368,18
tt0949503,14
tt8727582,18
tt10834006,7
tt6435258,7
tt8393332,18
tt7517072,18
tt9766280,14
tt8535968,18
tt7336684,18
tt6156138,18
tt3625516,18
tt9063902,18
tt9809140,14
tt7084860,14
tt3810760,14
tt5158844,18
tt8884430,14
tt13163252,18
tt6514218,18
tt1045889,14
tt8793990,18
tt4160256,18
tt10432682,18
tt8251336,18
tt9010900,18
tt8723216,14
tt4725842,18
tt11193834,7
tt13368304,7
tt10556746,7
tt11286002,14
tt8458202,14
tt5541002,7
tt5870322,7
tt8207768,18
tt8917752,18
tt7772580,18
tt8459250,18
tt6869362,18
tt7738048,18
tt2338454,14
tt2048905,18
tt5990444,18
tt6472116,18
tt8106596,18
tt4971258,18
tt7530986,18
tt4170436,18
tt2261331,18
tt0383975,14
tt6423578,18
tt2404027,14
tt1620933,14
tt5851786,7
tt5944422,18
tt6772950,18
tt6869948,18
tt5074552,7
tt6506146,18
tt4078252,18
tt3398808,18
tt6347150,18
tt6148782,14
tt7252000,18
tt6053948,14
tt2782692,18
tt7260048,18
tt5827360,18
tt6342110,18
tt1880399,18
tt7527694,18
tt3053228,18
tt5796838,18
tt6769508,18
tt4686108,18
tt5638642,18
tt5539052,14
tt2417712,18
tt0446463,14
tt1340124,14
tt6336270,18
tt2139881,14
tt5921576,14
tt0152509,14
tt4788934,0
tt5846676,14
tt1712192,18
tt4818776,18
tt4799064,18
tt4991512,18
tt4379536,18
tt6037866,18
tt1661230,18
tt4643520,14
tt6387506,14
tt3815136,14
tt3692768,14
tt3356434,18
tt7490256,18
tt5916158,14
tt3442726,18
tt3364264,18
tt4524418,18
tt2408040,14
tt6238084,18
tt2146882,14
tt3762912,7
tt3224288,14
tt5978194,14
tt7730102,18
tt0462200,18
tt2463842,18
tt1553659,18
tt6272704,18
tt4651666,18
tt5156274,18
tt5219972,18
tt5598206,7
tt13549904,18
tt6271806,18
tt6462482,18
tt9460580,18
tt6099884,14
tt2340650,7
tt6852872,18
tt4503598,18
tt3534294,18
tt2996710,14
tt4964788,18
tt0470752,18
tt4835940,18
tt7622218,18
tt9872614,18
tt2827320,18
tt3876494,7
tt3574306,18
tt6060208,18
tt7631792,18
tt6079160,7
tt5089534,18
tt5079382,7
tt5795086,7
tt6792666,7
tt7650378,14
tt8010436,7
tt5321568,14
tt0071359,18
tt6678874,18
tt0453729,7
tt9466100,14
tt10207954,14
tt9011130,14
tt0085776,7
tt5208950,18
tt2027136,18
tt4786132,18
tt1773753,18
tt6118058,18
tt4544696,14
tt3667792,18
tt7913394,7
tt10912972,7
tt8120244,18
tt0449629,18
tt4810104,18
tt6052206,18
tt4834712,7
tt5642914,7
tt1471247,14
tt3512160,18
tt1100119,7
tt4292228,0
tt5481608,18
tt3283864,18
tt2317088,18
tt5031658,18
tt3703908,18
tt4481310,14
tt1645919,14
tt8855960,18
tt4323370,18
tt4281724,18
tt2002606,14
tt5431600,18
tt5471472,18
tt7180544,18
tt5831402,18
tt3248148,14
tt4356480,14
tt6073544,14
tt4076926,18
tt7006206,0
tt9732250,7
tt5730898,14
tt2308985,7
tt5503594,14
tt8144778,14
tt3923662,18
tt3922818,14
tt6193424,18
tt3733774,18
tt3833682,14
tt1955036,14
tt3891538,14
tt3587480,14
tt0399854,18
tt6524724,14
tt3074952,18
tt1791682,18
tt1999995,18
